[
{
  "model": "products.productcategory",
  "pk": 1,
  "fields": {
    "name": "Fittings"
  }
},
{
  "model": "products.productcategory",
  "pk": 2,
  "fields": {
    "name": "Pumps"
  }
},
{
  "model": "products.productcategory",
  "pk": 3,
  "fields": {
    "name": "Sprinklers"
  }
},
{
  "model": "products.productcategory",
  "pk": 4,
  "fields": {
    "name": "Soil Testing Equipment"
  }
},
{
  "model": "products.productunit",
  "pk": 1,
  "fields": {
    "name": "Pieces",
    "abbreviation": "Pcs"
  }
},
{
  "model": "products.productunit",
  "pk": 2,
  "fields": {
    "name": "Rolls",
    "abbreviation": "Rolls"
  }
},
{
  "model": "products.productunit",
  "pk": 3,
  "fields": {
    "name": "Kilograms",
    "abbreviation": "Kgs"
  }
},
{
  "model": "products.productunit",
  "pk": 4,
  "fields": {
    "name": "Litres",
    "abbreviation": "Lts"
  }
},
{
  "model": "products.productunit",
  "pk": 5,
  "fields": {
    "name": "Meters",
    "abbreviation": "Mts"
  }
},
{
  "model": "products.product",
  "pk": 1,
  "fields": {
    "product_name": "Soil Moisture Meter",
    "short_description": "Agricultural Measuring Instruments.",
    "product_category": 4,
    "sku_code": "STE-SMM",
    "product_unit": 1,
    "product_type": "stock",
    "status": "active",
    "is_tangible": false,
    "current_stock": "0.00",
    "minimum_stock": "1.00",
    "created_at": "2026-07-03T20:46:44.620Z",
    "updated_at": "2026-07-03T20:46:44.620Z"
  }
},
{
  "model": "products.product",
  "pk": 2,
  "fields": {
    "product_name": "Atom 15FC",
    "short_description": "",
    "product_category": 3,
    "sku_code": "SP-A15FC",
    "product_unit": 1,
    "product_type": "stock",
    "status": "active",
    "is_tangible": false,
    "current_stock": "50.00",
    "minimum_stock": "5.00",
    "created_at": "2026-07-04T10:45:32.532Z",
    "updated_at": "2026-07-04T10:45:32.532Z"
  }
},
{
  "model": "products.product",
  "pk": 3,
  "fields": {
    "product_name": "Atom 22",
    "short_description": "",
    "product_category": 3,
    "sku_code": "SP-ATM22",
    "product_unit": 1,
    "product_type": "stock",
    "status": "active",
    "is_tangible": false,
    "current_stock": "25.00",
    "minimum_stock": "5.00",
    "created_at": "2026-07-04T10:46:30.243Z",
    "updated_at": "2026-07-04T10:46:30.243Z"
  }
},
{
  "model": "products.product",
  "pk": 4,
  "fields": {
    "product_name": "Atom 28",
    "short_description": "",
    "product_category": 3,
    "sku_code": "SP-ATM28",
    "product_unit": 1,
    "product_type": "stock",
    "status": "active",
    "is_tangible": false,
    "current_stock": "24.00",
    "minimum_stock": "5.00",
    "created_at": "2026-07-04T10:47:14.119Z",
    "updated_at": "2026-07-04T10:47:14.119Z"
  }
},
{
  "model": "products.product",
  "pk": 5,
  "fields": {
    "product_name": "Atom 35",
    "short_description": "",
    "product_category": 3,
    "sku_code": "SP-ATM35",
    "product_unit": 1,
    "product_type": "stock",
    "status": "active",
    "is_tangible": false,
    "current_stock": "36.00",
    "minimum_stock": "5.00",
    "created_at": "2026-07-04T10:48:27.134Z",
    "updated_at": "2026-07-04T10:48:27.134Z"
  }
},
{
  "model": "products.product",
  "pk": 6,
  "fields": {
    "product_name": "Jet 35",
    "short_description": "",
    "product_category": 3,
    "sku_code": "SP-JET35",
    "product_unit": 1,
    "product_type": "stock",
    "status": "active",
    "is_tangible": false,
    "current_stock": "5.00",
    "minimum_stock": "2.00",
    "created_at": "2026-07-04T10:49:14.043Z",
    "updated_at": "2026-07-04T10:49:14.043Z"
  }
},
{
  "model": "products.product",
  "pk": 7,
  "fields": {
    "product_name": "Jet 35T",
    "short_description": "",
    "product_category": 3,
    "sku_code": "SP-JET35T",
    "product_unit": 1,
    "product_type": "stock",
    "status": "active",
    "is_tangible": false,
    "current_stock": "0.00",
    "minimum_stock": "2.00",
    "created_at": "2026-07-04T10:50:00.844Z",
    "updated_at": "2026-07-04T10:50:00.844Z"
  }
},
{
  "model": "products.product",
  "pk": 8,
  "fields": {
    "product_name": "Jet 40",
    "short_description": "",
    "product_category": 3,
    "sku_code": "SP-JET40",
    "product_unit": 1,
    "product_type": "stock",
    "status": "active",
    "is_tangible": false,
    "current_stock": "5.00",
    "minimum_stock": "2.00",
    "created_at": "2026-07-04T10:51:07.675Z",
    "updated_at": "2026-07-04T10:51:07.675Z"
  }
},
{
  "model": "products.product",
  "pk": 9,
  "fields": {
    "product_name": "Jet 40 (China)",
    "short_description": "",
    "product_category": 3,
    "sku_code": "SP-JET40-CHN",
    "product_unit": 1,
    "product_type": "stock",
    "status": "active",
    "is_tangible": false,
    "current_stock": "0.00",
    "minimum_stock": "2.00",
    "created_at": "2026-07-04T10:52:04.525Z",
    "updated_at": "2026-07-04T10:52:04.525Z"
  }
},
{
  "model": "products.product",
  "pk": 10,
  "fields": {
    "product_name": "Jet 50T",
    "short_description": "",
    "product_category": 3,
    "sku_code": "SP-JET50T",
    "product_unit": 1,
    "product_type": "stock",
    "status": "active",
    "is_tangible": false,
    "current_stock": "0.00",
    "minimum_stock": "2.00",
    "created_at": "2026-07-04T10:52:47.434Z",
    "updated_at": "2026-07-04T10:52:47.434Z"
  }
},
{
  "model": "products.product",
  "pk": 11,
  "fields": {
    "product_name": "Jet 55",
    "short_description": "",
    "product_category": 3,
    "sku_code": "SP-JET55",
    "product_unit": 1,
    "product_type": "stock",
    "status": "active",
    "is_tangible": false,
    "current_stock": "0.00",
    "minimum_stock": "2.00",
    "created_at": "2026-07-04T10:55:14.775Z",
    "updated_at": "2026-07-04T10:55:14.775Z"
  }
},
{
  "model": "products.product",
  "pk": 12,
  "fields": {
    "product_name": "Jet 65",
    "short_description": "",
    "product_category": 3,
    "sku_code": "SP-JET65",
    "product_unit": 1,
    "product_type": "stock",
    "status": "active",
    "is_tangible": false,
    "current_stock": "0.00",
    "minimum_stock": "2.00",
    "created_at": "2026-07-04T10:55:46.801Z",
    "updated_at": "2026-07-04T10:55:46.801Z"
  }
},
{
  "model": "products.product",
  "pk": 13,
  "fields": {
    "product_name": "Jet 65T",
    "short_description": "",
    "product_category": 3,
    "sku_code": "SP-JET65T",
    "product_unit": 1,
    "product_type": "stock",
    "status": "active",
    "is_tangible": false,
    "current_stock": "0.00",
    "minimum_stock": "2.00",
    "created_at": "2026-07-04T10:56:32.901Z",
    "updated_at": "2026-07-04T10:56:32.901Z"
  }
},
{
  "model": "products.product",
  "pk": 14,
  "fields": {
    "product_name": "Jet 70",
    "short_description": "",
    "product_category": 3,
    "sku_code": "SP-JET70",
    "product_unit": 1,
    "product_type": "stock",
    "status": "active",
    "is_tangible": false,
    "current_stock": "0.00",
    "minimum_stock": "2.00",
    "created_at": "2026-07-04T10:57:12.053Z",
    "updated_at": "2026-07-04T10:57:12.053Z"
  }
},
{
  "model": "products.product",
  "pk": 15,
  "fields": {
    "product_name": "Super TurfJet",
    "short_description": "",
    "product_category": 3,
    "sku_code": "SP-STURFJ",
    "product_unit": 1,
    "product_type": "stock",
    "status": "active",
    "is_tangible": false,
    "current_stock": "0.00",
    "minimum_stock": "1.00",
    "created_at": "2026-07-04T10:58:20.170Z",
    "updated_at": "2026-07-04T10:58:20.170Z"
  }
},
{
  "model": "products.product",
  "pk": 16,
  "fields": {
    "product_name": "TurfJet",
    "short_description": "",
    "product_category": 3,
    "sku_code": "SP-TURFJ",
    "product_unit": 1,
    "product_type": "stock",
    "status": "active",
    "is_tangible": false,
    "current_stock": "0.00",
    "minimum_stock": "1.00",
    "created_at": "2026-07-04T10:59:08.371Z",
    "updated_at": "2026-07-04T10:59:08.371Z"
  }
},
{
  "model": "products.product",
  "pk": 17,
  "fields": {
    "product_name": "Quick Coupling Set (2.0\"x1.5\")",
    "short_description": "",
    "product_category": 1,
    "sku_code": "QC-2X1.5",
    "product_unit": 1,
    "product_type": "stock",
    "status": "active",
    "is_tangible": false,
    "current_stock": "0.00",
    "minimum_stock": "5.00",
    "created_at": "2026-07-04T11:00:45.279Z",
    "updated_at": "2026-07-04T11:00:45.279Z"
  }
},
{
  "model": "products.product",
  "pk": 18,
  "fields": {
    "product_name": "Quick Coupling Set (2.0\"x2.0\")",
    "short_description": "",
    "product_category": 1,
    "sku_code": "QC-2X2",
    "product_unit": 1,
    "product_type": "stock",
    "status": "active",
    "is_tangible": false,
    "current_stock": "0.00",
    "minimum_stock": "5.00",
    "created_at": "2026-07-04T11:01:32.764Z",
    "updated_at": "2026-07-04T11:01:32.764Z"
  }
},
{
  "model": "products.product",
  "pk": 19,
  "fields": {
    "product_name": "Motor Pump Outlet for Stand Connection (2.5\")",
    "short_description": "",
    "product_category": 1,
    "sku_code": "MP-2.5CNSTD",
    "product_unit": 1,
    "product_type": "stock",
    "status": "active",
    "is_tangible": false,
    "current_stock": "0.00",
    "minimum_stock": "5.00",
    "created_at": "2026-07-04T11:02:54.037Z",
    "updated_at": "2026-07-04T11:02:54.037Z"
  }
},
{
  "model": "products.stockmovement",
  "pk": 1,
  "fields": {
    "product": 1,
    "movement_type": "purchase",
    "direction": "in",
    "quantity": "2.00",
    "balance_after": "2.00",
    "content_type": [
      "purchases",
      "purchase"
    ],
    "object_id": 1,
    "remarks": "Purchase Stock In",
    "created_at": "2026-07-03T20:48:53.801Z"
  }
},
{
  "model": "products.stockmovement",
  "pk": 2,
  "fields": {
    "product": 1,
    "movement_type": "sale",
    "direction": "out",
    "quantity": "2.00",
    "balance_after": "0.00",
    "content_type": [
      "sales",
      "sale"
    ],
    "object_id": 1,
    "remarks": "Sale",
    "created_at": "2026-07-03T20:53:32.214Z"
  }
},
{
  "model": "products.stockmovement",
  "pk": 3,
  "fields": {
    "product": 8,
    "movement_type": "purchase",
    "direction": "in",
    "quantity": "5.00",
    "balance_after": "5.00",
    "content_type": [
      "purchases",
      "purchase"
    ],
    "object_id": 2,
    "remarks": "Purchase Stock In",
    "created_at": "2026-07-04T11:10:39.238Z"
  }
},
{
  "model": "products.stockmovement",
  "pk": 4,
  "fields": {
    "product": 6,
    "movement_type": "purchase",
    "direction": "in",
    "quantity": "5.00",
    "balance_after": "5.00",
    "content_type": [
      "purchases",
      "purchase"
    ],
    "object_id": 2,
    "remarks": "Purchase Stock In",
    "created_at": "2026-07-04T11:10:39.241Z"
  }
},
{
  "model": "products.stockmovement",
  "pk": 5,
  "fields": {
    "product": 5,
    "movement_type": "purchase",
    "direction": "in",
    "quantity": "36.00",
    "balance_after": "36.00",
    "content_type": [
      "purchases",
      "purchase"
    ],
    "object_id": 2,
    "remarks": "Purchase Stock In",
    "created_at": "2026-07-04T11:10:39.242Z"
  }
},
{
  "model": "products.stockmovement",
  "pk": 6,
  "fields": {
    "product": 4,
    "movement_type": "purchase",
    "direction": "in",
    "quantity": "24.00",
    "balance_after": "24.00",
    "content_type": [
      "purchases",
      "purchase"
    ],
    "object_id": 2,
    "remarks": "Purchase Stock In",
    "created_at": "2026-07-04T11:10:39.244Z"
  }
},
{
  "model": "products.stockmovement",
  "pk": 7,
  "fields": {
    "product": 3,
    "movement_type": "purchase",
    "direction": "in",
    "quantity": "25.00",
    "balance_after": "25.00",
    "content_type": [
      "purchases",
      "purchase"
    ],
    "object_id": 2,
    "remarks": "Purchase Stock In",
    "created_at": "2026-07-04T11:10:39.245Z"
  }
},
{
  "model": "products.stockmovement",
  "pk": 8,
  "fields": {
    "product": 2,
    "movement_type": "purchase",
    "direction": "in",
    "quantity": "50.00",
    "balance_after": "50.00",
    "content_type": [
      "purchases",
      "purchase"
    ],
    "object_id": 2,
    "remarks": "Purchase Stock In",
    "created_at": "2026-07-04T11:10:39.246Z"
  }
},
{
  "model": "products.stockmovement",
  "pk": 9,
  "fields": {
    "product": 8,
    "movement_type": "purchase_reversal",
    "direction": "out",
    "quantity": "5.00",
    "balance_after": "0.00",
    "content_type": [
      "purchases",
      "purchase"
    ],
    "object_id": 2,
    "remarks": "Purchase Update Reversal",
    "created_at": "2026-07-04T11:10:56.603Z"
  }
},
{
  "model": "products.stockmovement",
  "pk": 10,
  "fields": {
    "product": 6,
    "movement_type": "purchase_reversal",
    "direction": "out",
    "quantity": "5.00",
    "balance_after": "0.00",
    "content_type": [
      "purchases",
      "purchase"
    ],
    "object_id": 2,
    "remarks": "Purchase Update Reversal",
    "created_at": "2026-07-04T11:10:56.604Z"
  }
},
{
  "model": "products.stockmovement",
  "pk": 11,
  "fields": {
    "product": 5,
    "movement_type": "purchase_reversal",
    "direction": "out",
    "quantity": "36.00",
    "balance_after": "0.00",
    "content_type": [
      "purchases",
      "purchase"
    ],
    "object_id": 2,
    "remarks": "Purchase Update Reversal",
    "created_at": "2026-07-04T11:10:56.605Z"
  }
},
{
  "model": "products.stockmovement",
  "pk": 12,
  "fields": {
    "product": 4,
    "movement_type": "purchase_reversal",
    "direction": "out",
    "quantity": "24.00",
    "balance_after": "0.00",
    "content_type": [
      "purchases",
      "purchase"
    ],
    "object_id": 2,
    "remarks": "Purchase Update Reversal",
    "created_at": "2026-07-04T11:10:56.606Z"
  }
},
{
  "model": "products.stockmovement",
  "pk": 13,
  "fields": {
    "product": 3,
    "movement_type": "purchase_reversal",
    "direction": "out",
    "quantity": "25.00",
    "balance_after": "0.00",
    "content_type": [
      "purchases",
      "purchase"
    ],
    "object_id": 2,
    "remarks": "Purchase Update Reversal",
    "created_at": "2026-07-04T11:10:56.607Z"
  }
},
{
  "model": "products.stockmovement",
  "pk": 14,
  "fields": {
    "product": 2,
    "movement_type": "purchase_reversal",
    "direction": "out",
    "quantity": "50.00",
    "balance_after": "0.00",
    "content_type": [
      "purchases",
      "purchase"
    ],
    "object_id": 2,
    "remarks": "Purchase Update Reversal",
    "created_at": "2026-07-04T11:10:56.609Z"
  }
},
{
  "model": "products.stockmovement",
  "pk": 15,
  "fields": {
    "product": 8,
    "movement_type": "purchase",
    "direction": "in",
    "quantity": "5.00",
    "balance_after": "5.00",
    "content_type": [
      "purchases",
      "purchase"
    ],
    "object_id": 2,
    "remarks": "Purchase Update",
    "created_at": "2026-07-04T11:10:56.612Z"
  }
},
{
  "model": "products.stockmovement",
  "pk": 16,
  "fields": {
    "product": 6,
    "movement_type": "purchase",
    "direction": "in",
    "quantity": "5.00",
    "balance_after": "5.00",
    "content_type": [
      "purchases",
      "purchase"
    ],
    "object_id": 2,
    "remarks": "Purchase Update",
    "created_at": "2026-07-04T11:10:56.613Z"
  }
},
{
  "model": "products.stockmovement",
  "pk": 17,
  "fields": {
    "product": 5,
    "movement_type": "purchase",
    "direction": "in",
    "quantity": "36.00",
    "balance_after": "36.00",
    "content_type": [
      "purchases",
      "purchase"
    ],
    "object_id": 2,
    "remarks": "Purchase Update",
    "created_at": "2026-07-04T11:10:56.614Z"
  }
},
{
  "model": "products.stockmovement",
  "pk": 18,
  "fields": {
    "product": 4,
    "movement_type": "purchase",
    "direction": "in",
    "quantity": "24.00",
    "balance_after": "24.00",
    "content_type": [
      "purchases",
      "purchase"
    ],
    "object_id": 2,
    "remarks": "Purchase Update",
    "created_at": "2026-07-04T11:10:56.615Z"
  }
},
{
  "model": "products.stockmovement",
  "pk": 19,
  "fields": {
    "product": 3,
    "movement_type": "purchase",
    "direction": "in",
    "quantity": "25.00",
    "balance_after": "25.00",
    "content_type": [
      "purchases",
      "purchase"
    ],
    "object_id": 2,
    "remarks": "Purchase Update",
    "created_at": "2026-07-04T11:10:56.616Z"
  }
},
{
  "model": "products.stockmovement",
  "pk": 20,
  "fields": {
    "product": 2,
    "movement_type": "purchase",
    "direction": "in",
    "quantity": "50.00",
    "balance_after": "50.00",
    "content_type": [
      "purchases",
      "purchase"
    ],
    "object_id": 2,
    "remarks": "Purchase Update",
    "created_at": "2026-07-04T11:10:56.617Z"
  }
},
{
  "model": "suppliers.supplier",
  "pk": 1,
  "fields": {
    "supplier_name": "Alem Machinery Technologies Company Limited",
    "contact_person": "Amosi Mbuji",
    "phone_number": "+255757130416 / +8613021205910",
    "supplier_website": null,
    "email": "alemagriconsultancy@gmail.com",
    "address": "P. O. Box 16, Ilembula, Njombe",
    "status": "active",
    "created_at": "2026-07-03T20:36:03.456Z",
    "updated_at": "2026-07-03T20:36:03.456Z"
  }
},
{
  "model": "suppliers.supplier",
  "pk": 2,
  "fields": {
    "supplier_name": "Yuzuak Makina",
    "contact_person": null,
    "phone_number": "+90 288 214 17 43",
    "supplier_website": "https://yuzuak.com",
    "email": null,
    "address": "Turkey",
    "status": "active",
    "created_at": "2026-07-04T11:06:30.724Z",
    "updated_at": "2026-07-04T11:06:30.724Z"
  }
},
{
  "model": "purchases.purchase",
  "pk": 1,
  "fields": {
    "supplier": 1,
    "purchase_number": "PUR-2026-00001",
    "purchase_category": "local",
    "currency": "TZS",
    "exchange_rate": "1.00",
    "supplier_invoice_number": "001",
    "purchase_date": "2025-03-25",
    "notes": "",
    "subtotal": "280000.00",
    "total_amount": "280000.00",
    "total_amount_tzs": "280000.00",
    "amount_paid": "280000.00",
    "balance": "0.00",
    "payment_status": "paid",
    "created_at": "2026-07-03T20:48:53.793Z"
  }
},
{
  "model": "purchases.purchase",
  "pk": 2,
  "fields": {
    "supplier": 2,
    "purchase_number": "PUR-2026-00002",
    "purchase_category": "international",
    "currency": "USD",
    "exchange_rate": "2800.00",
    "supplier_invoice_number": "001",
    "purchase_date": "2025-09-20",
    "notes": "",
    "subtotal": "5111.25",
    "total_amount": "5111.25",
    "total_amount_tzs": "14311500.00",
    "amount_paid": "5111.25",
    "balance": "0.00",
    "payment_status": "paid",
    "created_at": "2026-07-04T11:10:39.228Z"
  }
},
{
  "model": "purchases.purchaseitem",
  "pk": 1,
  "fields": {
    "purchase": 1,
    "product": 1,
    "quantity": "2.00",
    "unit_cost": "140000.00"
  }
},
{
  "model": "purchases.purchaseitem",
  "pk": 2,
  "fields": {
    "purchase": 2,
    "product": 8,
    "quantity": "5.00",
    "unit_cost": "203.30"
  }
},
{
  "model": "purchases.purchaseitem",
  "pk": 3,
  "fields": {
    "purchase": 2,
    "product": 6,
    "quantity": "5.00",
    "unit_cost": "156.75"
  }
},
{
  "model": "purchases.purchaseitem",
  "pk": 4,
  "fields": {
    "purchase": 2,
    "product": 5,
    "quantity": "36.00",
    "unit_cost": "49.50"
  }
},
{
  "model": "purchases.purchaseitem",
  "pk": 5,
  "fields": {
    "purchase": 2,
    "product": 4,
    "quantity": "24.00",
    "unit_cost": "38.50"
  }
},
{
  "model": "purchases.purchaseitem",
  "pk": 6,
  "fields": {
    "purchase": 2,
    "product": 3,
    "quantity": "25.00",
    "unit_cost": "19.80"
  }
},
{
  "model": "purchases.purchaseitem",
  "pk": 7,
  "fields": {
    "purchase": 2,
    "product": 2,
    "quantity": "50.00",
    "unit_cost": "2.20"
  }
},
{
  "model": "purchases.purchasepayment",
  "pk": 1,
  "fields": {
    "purchase": 1,
    "payment_date": "2025-03-25",
    "amount": "280000.00",
    "payment_method": "mobile",
    "reference_number": null,
    "notes": "",
    "created_at": "2026-07-03T20:50:12.296Z"
  }
},
{
  "model": "purchases.purchasepayment",
  "pk": 2,
  "fields": {
    "purchase": 2,
    "payment_date": "2025-09-20",
    "amount": "5111.25",
    "payment_method": "bank",
    "reference_number": null,
    "notes": "",
    "created_at": "2026-07-04T11:12:03.403Z"
  }
},
{
  "model": "purchases.purchaseadditionalcost",
  "pk": 1,
  "fields": {
    "purchase": 2,
    "clearing_agent": null,
    "cost_type": "shipping_international",
    "description": "Air Freight Dar Airport Tanzania",
    "amount": "1050.00",
    "currency": "USD",
    "exchange_rate": "2800.00",
    "payment_status": "paid",
    "notes": "",
    "created_at": "2026-07-04T11:14:50.958Z"
  }
},
{
  "model": "purchases.purchaseadditionalcost",
  "pk": 2,
  "fields": {
    "purchase": 2,
    "clearing_agent": null,
    "cost_type": "tax",
    "description": "Import Duties",
    "amount": "391336.00",
    "currency": "TZS",
    "exchange_rate": "1.00",
    "payment_status": "paid",
    "notes": "",
    "created_at": "2026-07-04T11:24:31.004Z"
  }
},
{
  "model": "purchases.purchaseadditionalcost",
  "pk": 3,
  "fields": {
    "purchase": 2,
    "clearing_agent": null,
    "cost_type": "other",
    "description": "Destination Inspection Fees - Tanzania Bureau of Standards (TBS)",
    "amount": "180000.00",
    "currency": "TZS",
    "exchange_rate": "1.00",
    "payment_status": "paid",
    "notes": "",
    "created_at": "2026-07-04T11:26:50.791Z"
  }
},
{
  "model": "purchases.additionalcostdocument",
  "pk": 1,
  "fields": {
    "additional_cost": 1,
    "title": "Flight Ticket",
    "file": "additional_costs/documents/SwissPort.pdf",
    "uploaded_at": "2026-07-04T11:14:50.963Z"
  }
},
{
  "model": "purchases.additionalcostdocument",
  "pk": 2,
  "fields": {
    "additional_cost": 2,
    "title": "Import Duties",
    "file": "additional_costs/documents/Import_Duties.pdf",
    "uploaded_at": "2026-07-04T11:24:31.007Z"
  }
},
{
  "model": "purchases.additionalcostdocument",
  "pk": 3,
  "fields": {
    "additional_cost": 2,
    "title": "Import Duties 1",
    "file": "additional_costs/documents/Import_Duties1.pdf",
    "uploaded_at": "2026-07-04T11:24:31.008Z"
  }
},
{
  "model": "purchases.additionalcostdocument",
  "pk": 4,
  "fields": {
    "additional_cost": 2,
    "title": "Import Duties 2",
    "file": "additional_costs/documents/Import_Duties2.pdf",
    "uploaded_at": "2026-07-04T11:24:31.009Z"
  }
},
{
  "model": "purchases.additionalcostdocument",
  "pk": 5,
  "fields": {
    "additional_cost": 3,
    "title": "Destination Inspection Fees",
    "file": "additional_costs/documents/Destination_Inspection_Fees_-_TBS.pdf",
    "uploaded_at": "2026-07-04T11:26:50.793Z"
  }
},
{
  "model": "purchases.purchaseproductpricing",
  "pk": 1,
  "fields": {
    "product": 1,
    "purchase": 1,
    "purchase_item": 1,
    "quantity": "2.00",
    "purchase_value_tzs": "280000.00",
    "allocated_cost_tzs": "0.00",
    "landed_cost_total": "280000.00",
    "landed_unit_cost": "140000.00"
  }
},
{
  "model": "purchases.purchaseproductpricing",
  "pk": 2,
  "fields": {
    "product": 8,
    "purchase": 2,
    "purchase_item": 2,
    "quantity": "5.00",
    "purchase_value_tzs": "2846200.00",
    "allocated_cost_tzs": "698317.05",
    "landed_cost_total": "3544517.05",
    "landed_unit_cost": "708903.41"
  }
},
{
  "model": "purchases.purchaseproductpricing",
  "pk": 3,
  "fields": {
    "product": 6,
    "purchase": 2,
    "purchase_item": 3,
    "quantity": "5.00",
    "purchase_value_tzs": "2194500.00",
    "allocated_cost_tzs": "538422.03",
    "landed_cost_total": "2732922.03",
    "landed_unit_cost": "546584.41"
  }
},
{
  "model": "purchases.purchaseproductpricing",
  "pk": 4,
  "fields": {
    "product": 5,
    "purchase": 2,
    "purchase_item": 4,
    "quantity": "36.00",
    "purchase_value_tzs": "4989600.00",
    "allocated_cost_tzs": "1224201.66",
    "landed_cost_total": "6213801.66",
    "landed_unit_cost": "172605.60"
  }
},
{
  "model": "purchases.purchaseproductpricing",
  "pk": 5,
  "fields": {
    "product": 4,
    "purchase": 2,
    "purchase_item": 5,
    "quantity": "24.00",
    "purchase_value_tzs": "2587200.00",
    "allocated_cost_tzs": "634771.23",
    "landed_cost_total": "3221971.23",
    "landed_unit_cost": "134248.80"
  }
},
{
  "model": "purchases.purchaseproductpricing",
  "pk": 6,
  "fields": {
    "product": 3,
    "purchase": 2,
    "purchase_item": 6,
    "quantity": "25.00",
    "purchase_value_tzs": "1386000.00",
    "allocated_cost_tzs": "340056.02",
    "landed_cost_total": "1726056.02",
    "landed_unit_cost": "69042.24"
  }
},
{
  "model": "purchases.purchaseproductpricing",
  "pk": 7,
  "fields": {
    "product": 2,
    "purchase": 2,
    "purchase_item": 7,
    "quantity": "50.00",
    "purchase_value_tzs": "308000.00",
    "allocated_cost_tzs": "75568.00",
    "landed_cost_total": "383568.00",
    "landed_unit_cost": "7671.36"
  }
},
{
  "model": "agents.clearingagent",
  "pk": 1,
  "fields": {
    "agent_name": "Lipumba Shabani Waziri",
    "phone_number": null,
    "email": null,
    "address": "Dar es Salaam - Tanzania",
    "notes": "",
    "status": "active",
    "created_at": "2026-07-04T11:18:35.091Z"
  }
},
{
  "model": "customers.customer",
  "pk": 1,
  "fields": {
    "customer_name": "Jeremiah Gumadi",
    "company_name": "Kilombero Valley Teak Company",
    "phone_number": "+255758420580",
    "email": "research@kvtc-tz.com",
    "tin_number": "101462439",
    "vrn_number": null,
    "address": "P. O. Box 655, Ifakara, Morogoro",
    "credit_limit": null,
    "opening_balance": null,
    "status": "active",
    "notes": "",
    "created_at": "2026-07-03T20:30:26.466Z"
  }
},
{
  "model": "customers.customer",
  "pk": 2,
  "fields": {
    "customer_name": "Khalfan Mohamed Chambo",
    "company_name": null,
    "phone_number": "+255764111721",
    "email": "chambo_kc@yahoo.com",
    "tin_number": null,
    "vrn_number": null,
    "address": "Mikese, Morogoro.",
    "credit_limit": null,
    "opening_balance": null,
    "status": "active",
    "notes": "",
    "created_at": "2026-07-03T21:02:37.846Z"
  }
},
{
  "model": "quotations.paymentterm",
  "pk": 1,
  "fields": {
    "term": "100% Advance Payment.",
    "is_default": false
  }
},
{
  "model": "quotations.paymentterm",
  "pk": 2,
  "fields": {
    "term": "Commencing of the task will be after receiving the payment.",
    "is_default": false
  }
},
{
  "model": "quotations.paymentterm",
  "pk": 3,
  "fields": {
    "term": "Transportation Excluded.",
    "is_default": false
  }
},
{
  "model": "quotations.paymentterm",
  "pk": 4,
  "fields": {
    "term": "Transportation Included.",
    "is_default": false
  }
},
{
  "model": "quotations.paymentterm",
  "pk": 5,
  "fields": {
    "term": "VAT Exclusive.",
    "is_default": false
  }
},
{
  "model": "quotations.paymentterm",
  "pk": 6,
  "fields": {
    "term": "Valid for 30 Days.",
    "is_default": false
  }
},
{
  "model": "quotations.quotation",
  "pk": 1,
  "fields": {
    "title": "Supply and Install Sprinkler Irrigation System.",
    "description": "",
    "customer": 2,
    "quote_date": "2026-06-23",
    "due_date": "2026-07-23",
    "completion_period_from": 1,
    "completion_period_to": 14,
    "completion_period_unit": "days",
    "created_at": "2026-07-03T21:11:34.990Z",
    "updated_at": "2026-07-04T12:07:19.345Z",
    "payment_terms": [
      1,
      2,
      3,
      4,
      6,
      5
    ]
  }
},
{
  "model": "quotations.quotationitem",
  "pk": 1,
  "fields": {
    "quotation": 1,
    "product": null,
    "description": "Jet Gun 40: Nozzle Diameter: 10, 12, 14, 16 and 18mm: Pressure: 6 kg/cm2: Capacity: 32.2 m3/h: Shooting range (metres): 36m: Irrigated area: 4069 m2 or 1.01 acres.",
    "quantity": "1.00",
    "unit_price": "1950000.00",
    "is_tangible": true
  }
},
{
  "model": "quotations.quotationitem",
  "pk": 2,
  "fields": {
    "quotation": 1,
    "product": null,
    "description": "3.0\" Inches High Pressure Gasoline Water Pump: CMF WP30-HP 4 - Stroke OHV 16 HP.",
    "quantity": "1.00",
    "unit_price": "1800000.00",
    "is_tangible": true
  }
},
{
  "model": "quotations.quotationitem",
  "pk": 3,
  "fields": {
    "quotation": 1,
    "product": null,
    "description": "Tee (75x75x75mm).",
    "quantity": "1.00",
    "unit_price": "60000.00",
    "is_tangible": true
  }
},
{
  "model": "quotations.quotationitem",
  "pk": 4,
  "fields": {
    "quotation": 1,
    "product": null,
    "description": "Q75mm, 5.0M Length HDPE pipe-PN-6, 1 set include 100pcs pipe (total length 5.0M x 100 = 500-meter pipeline).",
    "quantity": "25.00",
    "unit_price": "70000.00",
    "is_tangible": true
  }
},
{
  "model": "quotations.quotationitem",
  "pk": 5,
  "fields": {
    "quotation": 1,
    "product": null,
    "description": "Suction Pipe-110mm - 4” 6mt roll.",
    "quantity": "4.00",
    "unit_price": "25000.00",
    "is_tangible": true
  }
},
{
  "model": "quotations.quotationitem",
  "pk": 6,
  "fields": {
    "quotation": 1,
    "product": null,
    "description": "Gasket 75mm.",
    "quantity": "35.00",
    "unit_price": "5000.00",
    "is_tangible": true
  }
},
{
  "model": "quotations.quotationitem",
  "pk": 7,
  "fields": {
    "quotation": 1,
    "product": null,
    "description": "Tripod Stand Outlet for Connection.",
    "quantity": "1.00",
    "unit_price": "60000.00",
    "is_tangible": true
  }
},
{
  "model": "quotations.quotationitem",
  "pk": 8,
  "fields": {
    "quotation": 1,
    "product": null,
    "description": "Sprinkler Connection Stand.",
    "quantity": "1.00",
    "unit_price": "150000.00",
    "is_tangible": true
  }
},
{
  "model": "quotations.quotationitem",
  "pk": 9,
  "fields": {
    "quotation": 1,
    "product": null,
    "description": "Female Motor Pump Connection.",
    "quantity": "1.00",
    "unit_price": "90000.00",
    "is_tangible": true
  }
},
{
  "model": "quotations.quotationitem",
  "pk": 10,
  "fields": {
    "quotation": 1,
    "product": null,
    "description": "Elbow 75mm-2.5”.",
    "quantity": "2.00",
    "unit_price": "35000.00",
    "is_tangible": true
  }
},
{
  "model": "quotations.quotationitem",
  "pk": 11,
  "fields": {
    "quotation": 1,
    "product": null,
    "description": "End plug 75mm-2.5”.",
    "quantity": "1.00",
    "unit_price": "25000.00",
    "is_tangible": true
  }
},
{
  "model": "quotations.quotationitem",
  "pk": 12,
  "fields": {
    "quotation": 1,
    "product": null,
    "description": "Transport / Loading and Off-loading.",
    "quantity": "1.00",
    "unit_price": "100000.00",
    "is_tangible": false
  }
},
{
  "model": "quotations.quotationitem",
  "pk": 13,
  "fields": {
    "quotation": 1,
    "product": null,
    "description": "Labor charge",
    "quantity": "1.00",
    "unit_price": "250000.00",
    "is_tangible": false
  }
},
{
  "model": "sales.sale",
  "pk": 1,
  "fields": {
    "customer": 1,
    "sale_number": "SAL-2026-00001",
    "sale_date": "2025-03-25",
    "notes": "",
    "subtotal": "560000.00",
    "total_amount": "560000.00",
    "amount_paid": "420000.00",
    "balance": "140000.00",
    "payment_status": "partial",
    "status": "confirmed",
    "created_at": "2026-07-03T20:53:32.208Z"
  }
},
{
  "model": "sales.saleitem",
  "pk": 1,
  "fields": {
    "sale": 1,
    "product": 1,
    "quantity": "2.00",
    "unit_price": "280000.00"
  }
},
{
  "model": "sales.salepayment",
  "pk": 1,
  "fields": {
    "sale": 1,
    "payment_date": "2025-03-25",
    "amount": "420000.00",
    "payment_method": "bank",
    "reference_number": null,
    "notes": ""
  }
},
{
  "model": "sales.salesproductpricing",
  "pk": 1,
  "fields": {
    "product": 1,
    "purchase_pricing": 1,
    "landed_unit_cost": "140000.00",
    "markup_percentage": "100.00",
    "selling_price": "280000.00",
    "declared_price": null,
    "effective_date": "2026-07-03",
    "updated_at": "2026-07-03T20:48:53.816Z"
  }
},
{
  "model": "sales.salesproductpricing",
  "pk": 2,
  "fields": {
    "product": 8,
    "purchase_pricing": 2,
    "landed_unit_cost": "708903.41",
    "markup_percentage": "100.00",
    "selling_price": "1417806.82",
    "declared_price": null,
    "effective_date": "2026-07-04",
    "updated_at": "2026-07-04T11:26:50.806Z"
  }
},
{
  "model": "sales.salesproductpricing",
  "pk": 3,
  "fields": {
    "product": 6,
    "purchase_pricing": 3,
    "landed_unit_cost": "546584.41",
    "markup_percentage": "100.00",
    "selling_price": "1093168.81",
    "declared_price": null,
    "effective_date": "2026-07-04",
    "updated_at": "2026-07-04T11:26:50.815Z"
  }
},
{
  "model": "sales.salesproductpricing",
  "pk": 4,
  "fields": {
    "product": 5,
    "purchase_pricing": 4,
    "landed_unit_cost": "172605.60",
    "markup_percentage": "100.00",
    "selling_price": "345211.20",
    "declared_price": null,
    "effective_date": "2026-07-04",
    "updated_at": "2026-07-04T11:26:50.823Z"
  }
},
{
  "model": "sales.salesproductpricing",
  "pk": 5,
  "fields": {
    "product": 4,
    "purchase_pricing": 5,
    "landed_unit_cost": "134248.80",
    "markup_percentage": "100.00",
    "selling_price": "268497.60",
    "declared_price": null,
    "effective_date": "2026-07-04",
    "updated_at": "2026-07-04T11:26:50.834Z"
  }
},
{
  "model": "sales.salesproductpricing",
  "pk": 6,
  "fields": {
    "product": 3,
    "purchase_pricing": 6,
    "landed_unit_cost": "69042.24",
    "markup_percentage": "100.00",
    "selling_price": "138084.48",
    "declared_price": null,
    "effective_date": "2026-07-04",
    "updated_at": "2026-07-04T11:26:50.848Z"
  }
},
{
  "model": "sales.salesproductpricing",
  "pk": 7,
  "fields": {
    "product": 2,
    "purchase_pricing": 7,
    "landed_unit_cost": "7671.36",
    "markup_percentage": "100.00",
    "selling_price": "15342.72",
    "declared_price": null,
    "effective_date": "2026-07-04",
    "updated_at": "2026-07-04T11:26:50.858Z"
  }
},
{
  "model": "vouchers.voucher",
  "pk": 1,
  "fields": {
    "voucher_number": "PV-2026-00001",
    "voucher_date": "2026-07-04",
    "payee_name": "Shop Keeper",
    "payee_phone": "",
    "subtotal": "1000.00",
    "total_amount": "1000.00",
    "approved_by": "Barnabas Philip Malila",
    "received_by": "Asma Said Kambongo",
    "notes": "Bags for CMF Shop at Boma Road",
    "status": "approved",
    "created_at": "2026-07-04T10:43:38.502Z"
  }
},
{
  "model": "vouchers.voucheritem",
  "pk": 1,
  "fields": {
    "voucher": 1,
    "description": "5 Bags",
    "amount": "1000.00"
  }
},
{
  "model": "deliverynotes.deliverynote",
  "pk": 1,
  "fields": {
    "delivery_number": "DN-20260704-0001",
    "quotation": 1,
    "delivery_date": "2026-07-04",
    "delivery_address": "Mikese - Morogoro",
    "receiver_name": "Khalifani Mohamed Chambo",
    "receiver_phone": "+255764111721",
    "driver_name": "",
    "vehicle_number": "",
    "notes": "All Materials Delivered.",
    "status": "partial",
    "created_at": "2026-07-04T10:40:42.128Z",
    "updated_at": "2026-07-04T10:41:36.802Z"
  }
},
{
  "model": "deliverynotes.deliverynoteitem",
  "pk": 1,
  "fields": {
    "delivery_note": 1,
    "quotation_item": 1,
    "quantity": "1.00",
    "remarks": "Good Condition."
  }
},
{
  "model": "deliverynotes.deliverynoteitem",
  "pk": 2,
  "fields": {
    "delivery_note": 1,
    "quotation_item": 2,
    "quantity": "1.00",
    "remarks": "Good Condition."
  }
},
{
  "model": "deliverynotes.deliverynoteitem",
  "pk": 3,
  "fields": {
    "delivery_note": 1,
    "quotation_item": 3,
    "quantity": "1.00",
    "remarks": "Good Condition."
  }
},
{
  "model": "deliverynotes.deliverynoteitem",
  "pk": 4,
  "fields": {
    "delivery_note": 1,
    "quotation_item": 4,
    "quantity": "25.00",
    "remarks": "Good Condition."
  }
},
{
  "model": "deliverynotes.deliverynoteitem",
  "pk": 5,
  "fields": {
    "delivery_note": 1,
    "quotation_item": 5,
    "quantity": "4.00",
    "remarks": "Good Condition."
  }
},
{
  "model": "deliverynotes.deliverynoteitem",
  "pk": 6,
  "fields": {
    "delivery_note": 1,
    "quotation_item": 6,
    "quantity": "35.00",
    "remarks": "Good Condition."
  }
},
{
  "model": "deliverynotes.deliverynoteitem",
  "pk": 7,
  "fields": {
    "delivery_note": 1,
    "quotation_item": 7,
    "quantity": "1.00",
    "remarks": "Good Condition."
  }
},
{
  "model": "deliverynotes.deliverynoteitem",
  "pk": 8,
  "fields": {
    "delivery_note": 1,
    "quotation_item": 8,
    "quantity": "1.00",
    "remarks": "Good Condition."
  }
},
{
  "model": "deliverynotes.deliverynoteitem",
  "pk": 9,
  "fields": {
    "delivery_note": 1,
    "quotation_item": 9,
    "quantity": "1.00",
    "remarks": "Good Condition."
  }
},
{
  "model": "deliverynotes.deliverynoteitem",
  "pk": 10,
  "fields": {
    "delivery_note": 1,
    "quotation_item": 10,
    "quantity": "2.00",
    "remarks": "Good Condition."
  }
},
{
  "model": "deliverynotes.deliverynoteitem",
  "pk": 11,
  "fields": {
    "delivery_note": 1,
    "quotation_item": 11,
    "quantity": "1.00",
    "remarks": "Good Condition."
  }
}
]
